{"scores": [13, 13, 12, 13, 12, 10, 10, 10, 11, 9, 8, 11, 8, 9, 42, 10, 9, 10, 10, 9, 9, 9, 9, 10, 9, 10, 12, 11, 16, 110, 9, 10, 10, 10, 10, 9, 9, 9, 10, 9, 9, 9, 13, 19, 11, 11, 12, 17, 13, 21, 19, 21, 16, 21, 21, 16, 14, 13, 18, 17, 19, 27, 25, 37, 10, 9, 9, 8, 8, 8, 10, 83, 28, 25, 34, 31, 37, 48, 99, 115, 36, 54, 30, 21, 27, 29, 19, 20, 34, 30, 23, 23, 39, 22, 22, 32, 22, 59, 47, 48, 73, 24, 37, 49, 42, 76, 37, 38, 33, 63, 37, 23, 26, 31, 34, 39, 24, 18, 27, 31, 26, 31, 40, 47, 41, 24, 29, 174, 56, 62, 90, 178, 180, 200, 67, 44, 30, 19, 17, 34, 56, 30, 15, 11, 13, 12, 20, 16, 43, 71, 23, 39, 28, 34, 31, 48, 45, 36, 46, 46, 87, 69, 99, 73, 96, 97, 69, 200, 91, 51, 60, 32, 41, 26, 36, 32, 35, 98, 200, 65, 200, 132, 200, 200, 47, 43, 39, 48, 93, 111, 101, 94, 109, 78, 85, 94, 76, 96, 82, 104, 94, 99, 117, 120, 137, 143, 153, 120, 166, 118, 200, 200, 200, 200, 200, 200, 200, 200, 200, 200, 200, 200, 200, 200, 200, 200, 200, 200, 200, 200, 200, 200, 200, 200, 200, 200, 200, 200, 200, 200, 200, 200, 200, 200, 200, 200, 200, 200, 200, 200, 200, 200, 200, 200, 200, 200, 200, 200, 200, 200, 200, 200, 200, 200, 200, 200, 200, 200, 200, 200, 200, 200, 200, 200, 200, 200, 200, 200, 200, 200, 200, 200, 200, 200, 200, 200, 200, 200, 200, 200, 200, 200, 200, 200, 200, 200, 200, 200, 200, 200, 200, 200, 200], "mean_scores": [13.0, 13.0, 12.666666666666666, 12.75, 12.6, 12.166666666666666, 11.857142857142858, 11.625, 11.555555555555555, 11.3, 11.0, 11.0, 10.76923076923077, 10.642857142857142, 12.733333333333333, 12.5625, 12.352941176470589, 12.222222222222221, 12.105263157894736, 11.95, 11.80952380952381, 11.681818181818182, 11.565217391304348, 11.5, 11.4, 11.346153846153847, 11.37037037037037, 11.357142857142858, 11.517241379310345, 14.8, 14.612903225806452, 14.46875, 14.333333333333334, 14.205882352941176, 14.085714285714285, 13.944444444444445, 13.81081081081081, 13.68421052631579, 13.58974358974359, 13.475, 13.365853658536585, 13.261904761904763, 13.255813953488373, 13.386363636363637, 13.333333333333334, 13.282608695652174, 13.25531914893617, 13.333333333333334, 13.326530612244898, 13.48, 13.588235294117647, 13.73076923076923, 13.773584905660377, 13.907407407407407, 14.036363636363637, 14.071428571428571, 14.070175438596491, 14.051724137931034, 14.11864406779661, 14.166666666666666, 14.245901639344263, 14.451612903225806, 14.619047619047619, 14.96875, 14.892307692307693, 14.803030303030303, 14.716417910447761, 14.617647058823529, 14.521739130434783, 14.428571428571429, 14.366197183098592, 15.319444444444445, 15.493150684931507, 15.621621621621621, 15.866666666666667, 16.06578947368421, 16.337662337662337, 16.743589743589745, 17.78481012658228, 19.0, 19.209876543209877, 19.634146341463413, 19.759036144578314, 19.773809523809526, 19.858823529411765, 19.96511627906977, 19.95402298850575, 19.954545454545453, 20.1123595505618, 20.22222222222222, 20.252747252747252, 20.282608695652176, 20.483870967741936, 20.5, 20.51578947368421, 20.635416666666668, 20.649484536082475, 21.040816326530614, 21.303030303030305, 21.57, 22.07920792079208, 22.098039215686274, 22.24271844660194, 22.5, 22.685714285714287, 23.18867924528302, 23.317757009345794, 23.453703703703702, 23.541284403669724, 23.9, 24.01801801801802, 24.008928571428573, 24.02654867256637, 24.087719298245613, 24.17391304347826, 24.301724137931036, 24.299145299145298, 24.24576271186441, 24.26890756302521, 24.325, 24.33884297520661, 24.39344262295082, 24.520325203252032, 24.701612903225808, 24.832, 24.825396825396826, 24.858267716535433, 26.0234375, 26.25581395348837, 26.53076923076923, 27.015267175572518, 28.15909090909091, 29.30075187969925, 30.574626865671643, 30.844444444444445, 30.941176470588236, 30.934306569343065, 30.847826086956523, 30.74820143884892, 30.771428571428572, 30.95035460992908, 30.943661971830984, 30.832167832167833, 30.694444444444443, 30.572413793103447, 30.445205479452056, 30.374149659863946, 30.277027027027028, 30.36241610738255, 30.633333333333333, 30.582781456953644, 30.638157894736842, 30.62091503267974, 30.642857142857142, 30.64516129032258, 30.756410256410255, 30.84713375796178, 30.879746835443036, 30.9748427672956, 31.06875, 31.41614906832298, 31.64814814814815, 32.061349693251536, 32.3109756097561, 32.696969696969695, 33.08433734939759, 33.29940119760479, 34.291666666666664, 34.62721893491124, 34.72352941176471, 34.87134502923977, 34.854651162790695, 34.89017341040462, 34.839080459770116, 34.84571428571429, 34.82954545454545, 34.83050847457627, 35.18539325842696, 36.10614525139665, 36.266666666666666, 37.171270718232044, 37.69230769230769, 38.5792349726776, 39.45652173913044, 39.497297297297294, 39.516129032258064, 39.51336898395722, 39.558510638297875, 39.84126984126984, 40.21578947368421, 40.53403141361257, 40.8125, 41.16580310880829, 41.355670103092784, 41.57948717948718, 41.8469387755102, 42.02030456852792, 42.292929292929294, 42.49246231155779, 42.8, 43.0547263681592, 43.33168316831683, 43.69458128078818, 44.068627450980394, 44.5219512195122, 45.0, 45.52173913043478, 45.87980769230769, 46.45454545454545, 46.7952380952381, 47.52132701421801, 48.240566037735846, 48.95305164319249, 49.6588785046729, 50.35813953488372, 51.050925925925924, 51.73732718894009, 52.41743119266055, 53.09132420091324, 53.75909090909091, 54.42081447963801, 55.07657657657658, 55.72645739910314, 56.370535714285715, 57.00888888888889, 57.64159292035398, 58.268722466960355, 58.89035087719298, 59.506550218340614, 60.11739130434783, 60.722943722943725, 61.32327586206897, 61.918454935622314, 62.50854700854701, 63.09361702127659, 63.67372881355932, 64.24894514767932, 64.81932773109244, 65.38493723849372, 65.94583333333334, 66.50207468879668, 67.05371900826447, 67.60082304526749, 68.14344262295081, 68.68163265306123, 69.21544715447155, 69.74493927125506, 70.27016129032258, 70.79116465863454, 71.308, 71.8207171314741, 72.32936507936508, 72.83399209486166, 73.33464566929133, 73.8313725490196, 74.32421875, 74.81322957198444, 75.2984496124031, 75.77992277992279, 76.25769230769231, 76.73180076628353, 77.20229007633588, 77.66920152091255, 78.13257575757575, 78.59245283018868, 79.04887218045113, 79.50187265917603, 79.95149253731343, 80.39776951672863, 80.84074074074074, 81.28044280442805, 81.71691176470588, 82.15018315018315, 82.58029197080292, 83.00727272727272, 83.43115942028986, 83.85198555956678, 84.26978417266187, 84.68458781362007, 85.09642857142858, 85.50533807829181, 85.91134751773049, 86.31448763250883, 86.71478873239437, 87.11228070175439, 87.50699300699301, 87.89895470383276, 88.28819444444444, 88.67474048442907, 89.05862068965517, 89.43986254295532, 89.81849315068493, 90.19453924914676, 90.56802721088435, 90.93898305084745, 91.30743243243244, 91.67340067340068, 92.03691275167785, 92.39799331103679, 92.75666666666666, 93.11295681063123, 93.46688741721854, 93.81848184818482],