{"scores": [13.0, 12.0, 14.0, 20.0, 13.0, 16.0, 38.0], "mean_scores": [13.0, 12.5, 13.0, 14.75, 14.4, 14.666666666666666, 18.0], "std_scores": [0.0, 0.5, 0.816496580927726, 3.112474899497183, 2.8705400188814645, 2.6874192494328497, 8.535639569308374], "episodes": 6}