{"scores": [10.0, 27.0, 9.0, 21.0, 11.0, 15.0, 25.0, 9.0, 13.0, 13.0, 8.0, 11.0, 13.0, 9.0, 19.0, 10.0, 13.0, 8.0, 11.0, 12.0, 12.0, 11.0, 14.0, 11.0, 11.0, 13.0, 10.0, 18.0, 18.0, 82.0, 56.0, 75.0, 121.0, 200.0, 125.0, 148.0, 184.0, 200.0, 183.0, 200.0, 200.0, 200.0, 200.0, 167.0, 175.0, 200.0, 200.0, 200.0, 200.0, 183.0, 200.0, 163.0, 179.0, 188.0, 185.0, 200.0, 153.0, 196.0, 166.0, 200.0, 176.0, 173.0, 200.0, 181.0, 200.0, 169.0, 155.0, 150.0, 146.0, 183.0, 167.0, 178.0, 182.0, 113.0, 162.0, 153.0, 118.0, 143.0, 132.0, 114.0, 111.0, 20.0, 145.0, 47.0, 66.0, 143.0, 155.0, 132.0, 173.0, 200.0, 145.0, 146.0, 153.0, 152.0, 191.0, 186.0, 200.0, 196.0, 200.0, 166.0, 145.0, 157.0, 188.0, 200.0, 198.0, 152.0, 190.0, 200.0, 199.0, 183.0, 53.0, 56.0, 24.0, 168.0, 23.0, 140.0, 76.0, 155.0, 190.0, 200.0, 135.0, 31.0, 200.0, 164.0, 197.0, 146.0, 183.0, 200.0, 188.0, 193.0, 200.0, 200.0, 146.0, 191.0, 139.0, 181.0, 200.0, 168.0, 200.0, 139.0, 187.0, 158.0, 95.0, 139.0, 97.0, 192.0, 199.0, 200.0, 200.0, 111.0], "mean_scores": [10.0, 18.5, 15.333333333333334, 16.75, 15.6, 15.5, 16.857142857142858, 15.875, 15.555555555555555, 15.3, 14.636363636363637, 14.333333333333334, 14.23076923076923, 13.857142857142858, 14.2, 13.9375, 13.882352941176471, 13.555555555555555, 13.421052631578947, 13.35, 13.285714285714286, 13.181818181818182, 13.217391304347826, 13.125, 13.04, 13.038461538461538, 12.925925925925926, 13.107142857142858, 13.275862068965518, 15.566666666666666, 16.870967741935484, 18.6875, 21.78787878787879, 27.029411764705884, 29.82857142857143, 33.111111111111114, 37.189189189189186, 41.473684210526315, 45.1025641025641, 48.975, 52.65853658536585, 56.166666666666664, 59.51162790697674, 61.95454545454545, 64.46666666666667, 67.41304347826087, 70.23404255319149, 72.9375, 75.53061224489795, 77.68, 80.07843137254902, 81.67307692307692, 83.50943396226415, 85.44444444444444, 87.25454545454545, 89.26785714285714, 90.3859649122807, 92.20689655172414, 93.45762711864407, 95.23333333333333, 96.55737704918033, 97.79032258064517, 99.41269841269842, 100.6875, 102.21538461538462, 103.22727272727273, 104.0, 104.67647058823529, 105.27536231884058, 106.38571428571429, 107.2394366197183, 108.22222222222223, 109.23287671232876, 109.28378378378379, 109.98666666666666, 110.55263157894737, 110.64935064935065, 111.06410256410257, 111.32911392405063, 111.3625, 111.35802469135803, 110.2439024390244, 110.66265060240964, 109.9047619047619, 109.38823529411765, 109.77906976744185, 110.29885057471265, 110.54545454545455, 111.24719101123596, 112.23333333333333, 112.5934065934066, 112.95652173913044, 113.38709677419355, 113.79787234042553, 114.61052631578947, 115.35416666666667, 116.22680412371135, 117.04081632653062, 117.87878787878788, 118.36, 118.62376237623762, 119.0, 119.66990291262135, 120.4423076923077, 121.18095238095238, 121.47169811320755, 122.11214953271028, 122.83333333333333, 123.53211009174312, 124.07272727272728, 123.43243243243244, 122.83035714285714, 121.95575221238938, 122.35964912280701, 121.49565217391304, 121.65517241379311, 121.26495726495726, 121.55084745762711, 122.12605042016807, 122.775, 122.87603305785125, 122.12295081967213, 122.7560975609756, 123.08870967741936, 123.68, 123.85714285714286, 124.32283464566929, 124.9140625, 125.40310077519379, 125.92307692307692, 126.4885496183206, 127.04545454545455, 127.18796992481202, 127.66417910447761, 127.74814814814815, 128.13970588235293, 128.66423357664235, 128.94927536231884, 129.46043165467626, 129.52857142857144, 129.93617021276594, 130.1338028169014, 129.8881118881119, 129.95138888888889, 129.72413793103448, 130.15068493150685, 130.61904761904762, 131.08783783783784, 131.5503355704698, 131.41333333333333], "std_scores": [0.0, 8.5, 8.259674462242577, 7.562241731127087, 7.1442284397967, 6.525590650150631, 6.8957247920840965, 6.954090522850562, 6.618343383037969, 6.325345840347388, 6.385676119576707, 6.195876765147035, 5.963399213327478, 5.902265217175313, 5.844655678480983, 5.749660316053462, 5.582349841938023, 5.589893879157897, 5.470646930604752, 5.341114115987412, 5.220316147540501, 5.122467122538475, 5.012649405680813, 4.927072322045483, 4.845451475352942, 4.751362308536599, 4.697721480209757, 4.708194116297107, 4.711662359281656, 13.177463927309972, 14.801355507855593, 17.734918769196547, 24.750583189648925, 38.74538704544114, 41.529669748118096, 45.320327655097906, 50.96200908140157, 56.63908676509966, 60.217466957343134, 64.1897528815932, 67.54677142222073, 70.4167582416987, 72.89124491817938, 73.81732814105573, 74.87043623635581, 76.6444575513842, 78.20138018207331, 79.5710914450091, 80.77812950141644, 81.36938982197175, 82.33333566815627, 82.3292454706304, 82.61701196313831, 83.05189512558168, 83.36147315523863, 83.95225919520922, 83.63218435002558, 84.04017073557836, 83.86759581785887, 84.27679923258174, 84.21002716474649, 84.08140009438131, 84.38397405221889, 84.33135445224391, 84.56813226081584, 84.32059949159867, 83.92409505823274, 83.48854116098994, 83.02834928076685, 82.94753812882365, 82.67047513373521, 82.51097944149653, 82.39140142460758, 81.83396510705344, 81.51114334180873, 81.12131829888169, 80.59724564817243, 80.16158996830022, 79.68700186544527, 79.1879479071784, 78.69762552177049, 78.85639324431898, 78.47158600309909, 78.3080940667814, 77.98990796215006, 77.61883629617154, 77.32185531286513, 76.91567240268412, 76.76511393093013, 76.90225397650363, 76.55479658129798, 76.21635580536191, 75.91790023072456, 75.61683643818931, 75.62933080935173, 75.58273325285494, 75.67667321683624, 75.71521810306588, 75.78721844307813, 75.55918474943995, 75.23045142419451, 74.95619635860012, 74.89765033833952, 74.94778014404903, 74.9694262702033, 74.67441373675278, 74.61656841677589, 74.64403178742077, 74.65487181941444, 74.52878749375478, 74.49561588425969, 74.43308216983239, 74.678827291764, 74.47443069904638, 74.72155546200591, 74.41844685201931, 74.21882558456458, 73.96833924826366, 73.92143849570822, 73.95240164006395, 73.65449498976456, 73.81829462132582, 73.8494779240112, 73.64354121612564, 73.6433133420815, 73.37722866853743, 73.2744685841903, 73.2911602940361, 73.21588756503319, 73.17246386076951, 73.17722567464811, 73.17764433796701, 72.92040674556708, 72.85509478592715, 72.59126756160326, 72.4668456437877, 72.46053820304793, 72.27456931065115, 72.26403089341719, 72.0099638797242, 71.91604766374375, 71.70078956027439, 71.50960666013191, 71.2648941412241, 71.07106523693035, 71.01324808541332, 70.9972053999534, 70.98486030571837, 70.96964435130332, 70.75244982016916], "episodes": 149}