{"scores": [12.0, 22.0, 19.0, 9.0, 24.0, 15.0, 19.0, 20.0, 9.0, 13.0, 10.0, 13.0, 9.0, 16.0, 10.0, 12.0, 12.0, 20.0, 11.0, 11.0, 90.0, 70.0, 35.0, 31.0, 47.0, 35.0, 50.0, 66.0, 200.0, 98.0, 140.0, 113.0, 125.0, 142.0, 199.0, 200.0, 200.0, 200.0, 177.0, 192.0, 200.0, 200.0, 200.0, 200.0, 200.0, 200.0, 200.0, 200.0, 165.0, 200.0, 200.0, 200.0, 200.0, 166.0, 192.0, 146.0, 171.0, 166.0, 143.0, 200.0, 200.0, 159.0, 131.0, 150.0, 147.0, 173.0, 157.0, 135.0, 144.0, 136.0, 11.0, 178.0, 139.0, 200.0, 140.0, 186.0, 153.0, 101.0, 169.0, 121.0, 165.0, 170.0, 29.0, 89.0, 19.0, 139.0, 85.0, 84.0, 157.0, 145.0, 139.0, 143.0, 200.0, 185.0, 157.0, 137.0, 179.0, 165.0, 193.0, 174.0, 154.0, 200.0, 150.0, 200.0, 146.0, 117.0, 68.0, 58.0, 47.0, 85.0, 38.0, 49.0, 120.0, 160.0, 108.0, 200.0, 200.0, 200.0, 164.0, 150.0, 170.0, 186.0, 200.0, 161.0, 174.0, 165.0, 164.0, 166.0, 172.0, 157.0, 200.0, 200.0, 200.0, 197.0, 200.0, 200.0, 200.0, 145.0, 200.0, 200.0, 200.0, 51.0, 179.0, 172.0, 58.0, 74.0, 79.0, 23.0, 40.0, 52.0], "mean_scores": [12.0, 17.0, 17.666666666666668, 15.5, 17.2, 16.833333333333332, 17.142857142857142, 17.5, 16.555555555555557, 16.2, 15.636363636363637, 15.416666666666666, 14.923076923076923, 15.0, 14.666666666666666, 14.5, 14.352941176470589, 14.666666666666666, 14.473684210526315, 14.3, 17.904761904761905, 20.272727272727273, 20.91304347826087, 21.333333333333332, 22.36, 22.846153846153847, 23.85185185185185, 25.357142857142858, 31.379310344827587, 33.6, 37.03225806451613, 39.40625, 42.0, 44.94117647058823, 49.34285714285714, 53.52777777777778, 57.486486486486484, 61.23684210526316, 64.2051282051282, 67.4, 70.63414634146342, 73.71428571428571, 76.65116279069767, 79.45454545454545, 82.13333333333334, 84.69565217391305, 87.14893617021276, 89.5, 91.04081632653062, 93.22, 95.31372549019608, 97.32692307692308, 99.26415094339623, 100.5, 102.16363636363636, 102.94642857142857, 104.14035087719299, 105.20689655172414, 105.84745762711864, 107.41666666666667, 108.93442622950819, 109.74193548387096, 110.07936507936508, 110.703125, 111.26153846153846, 112.1969696969697, 112.86567164179104, 113.19117647058823, 113.6376811594203, 113.95714285714286, 112.50704225352112, 113.41666666666667, 113.76712328767124, 114.93243243243244, 115.26666666666667, 116.19736842105263, 116.67532467532467, 116.47435897435898, 117.13924050632912, 117.1875, 117.77777777777777, 118.41463414634147, 117.33734939759036, 117.0, 115.84705882352941, 116.11627906976744, 115.75862068965517, 115.39772727272727, 115.86516853932584, 116.18888888888888, 116.43956043956044, 116.72826086956522, 117.6236559139785, 118.34042553191489, 118.74736842105263, 118.9375, 119.55670103092784, 120.0204081632653, 120.75757575757575, 121.29, 121.61386138613861, 122.38235294117646, 122.6504854368932, 123.39423076923077, 123.60952380952381, 123.54716981132076, 123.02803738317758, 122.42592592592592, 121.73394495412845, 121.4, 120.64864864864865, 120.00892857142857, 120.00884955752213, 120.35964912280701, 120.25217391304348, 120.9396551724138, 121.61538461538461, 122.27966101694915, 122.63025210084034, 122.85833333333333, 123.24793388429752, 123.76229508196721, 124.3821138211382, 124.6774193548387, 125.072, 125.38888888888889, 125.69291338582677, 126.0078125, 126.36434108527132, 126.6, 127.16030534351145, 127.71212121212122, 128.25563909774436, 128.76865671641792, 129.2962962962963, 129.81617647058823, 130.32846715328466, 130.43478260869566, 130.93525179856115, 131.42857142857142, 131.91489361702128, 131.3450704225352, 131.67832167832168, 131.95833333333334, 131.44827586206895, 131.05479452054794, 130.70068027210885, 129.97297297297297, 129.36912751677852, 128.85333333333332], "std_scores": [0.0, 5.0, 4.189935029992178, 5.220153254455275, 5.775811631277461, 5.335936864527374, 4.997958767010258, 4.769696007084728, 5.230489909306587, 5.075431016179809, 5.157038037702849, 4.990964057396348, 5.090889879315168, 4.913538149119954, 4.908043285148256, 4.795831523312719, 4.689677983057588, 4.737556801183965, 4.683323393226242, 4.62709412050371, 16.741464810192976, 19.628786416850815, 19.430842903863724, 19.12822231387143, 19.404906596013287, 19.18270917678071, 19.510118369524747, 20.693708991786238, 37.801125501491995, 39.04237014663258, 42.76151712128614, 44.1148071619666, 45.85219997365713, 48.229196171217694, 54.02165854392786, 58.738822157028835, 62.61923615235076, 65.86646547552273, 67.54226767306129, 69.61314531035069, 71.73690280651421, 73.57059638919087, 75.1599484265731, 76.54127066950535, 77.7439100866142, 78.79193005610394, 79.70530261422833, 80.5007763937715, 80.38706342864224, 81.0279680110516, 81.58418969193326, 82.06510575658962, 82.47884827613895, 82.20542245789801, 82.3669756497466, 81.83441898188097, 81.60397276975374, 81.29718971702435, 80.75277474569874, 80.97906965520302, 81.16848876832118, 80.75788895527153, 80.1584347000684, 79.68368710240745, 79.19445919295053, 78.95323120740525, 78.5498977307044, 78.01569550849841, 77.53577407422748, 77.02567952392532, 77.43763928849897, 77.27903086291333, 76.80548648851997, 76.93175829671263, 76.47122915769621, 76.3928592241658, 76.00947336009506, 75.54124775093786, 75.29095196319697, 74.82013327808231, 74.54404613927805, 74.30949635986234, 74.501924792542, 74.12087939241385, 74.43742036216065, 74.04499238829446, 73.69289575972589, 73.35027108035787, 73.06872107990185, 72.72580077775308, 72.36419015914711, 72.02250603274156, 72.14723803810348, 72.09458226044649, 71.8225838139117, 71.47155793565717, 71.36055814818081, 71.14228048989428, 71.15725804091123, 70.99849223751164, 70.72033475921924, 70.79534770879204, 70.50286900970274, 70.56794574533097, 70.26541454176176, 69.93610723913376, 69.81343066885921, 69.76802882671176, 69.81859091052264, 69.58790386005576, 69.72050361479022, 69.73502086158952, 69.42577313060818, 69.22112130675582, 68.92905533363377, 69.02614307251493, 69.11477462168213, 69.19536155626356, 69.00917799710125, 68.76606428480709, 68.61417835212907, 68.56623616820148, 68.62926445946515, 68.43039180344161, 68.29760476034281, 68.11824129539846, 67.93529944299812, 67.76239463349008, 67.61965426686595, 67.4122335393898, 67.45762784226287, 67.49775869489143, 67.53285517695036, 67.5400283943457, 67.56605262825454, 67.5876557435604, 67.60502610445977, 67.37112834959548, 67.3853098258981, 67.39564874224267, 67.40230538407401, 67.5045168832644, 67.38518869844096, 67.23423761993091, 67.28097861382699, 67.21737185990166, 67.12486232681876, 67.47701770372234, 67.65024035466645, 67.71768716927326], "episodes": 149}