{"scores": [10, 10, 9, 14, 12, 16, 10, 9, 9, 11, 8, 11, 8, 9, 10, 8, 14, 10, 10, 9, 11, 9, 10, 10, 9, 10, 12, 14, 25, 11, 13, 17, 22, 29, 52, 10, 9, 9, 9, 10, 9, 9, 9, 11, 9, 24, 15, 9, 10, 8, 9, 8, 10, 8, 9, 10, 17, 25, 10, 9, 9, 10, 9, 9, 8, 10, 10, 10, 10, 10, 8, 9, 16, 13, 10, 12, 12, 12, 10, 13, 17, 17, 25, 35, 28, 24, 27, 30, 16, 16, 24, 25, 25, 24, 23, 16, 27, 16, 14, 19, 18, 29, 25, 30, 37, 41, 49, 48, 53, 27, 31, 43, 42, 30, 36, 22, 35, 47, 31, 25, 81, 52, 32, 22, 26, 31, 34, 89, 69, 55, 66, 94, 195, 176, 134, 126, 155, 156, 122, 88, 98, 217, 162, 99, 90, 75, 142, 191, 23, 63, 102, 104, 71, 90, 87, 119, 108, 64, 81, 92, 86, 67, 73, 68, 106, 112, 74, 350, 293, 256, 156, 76, 301, 53, 47, 377, 82, 160, 253, 216, 77, 76, 124, 190, 62, 151, 340, 160, 112, 227, 112, 74, 92, 81, 358, 273, 292, 156, 306, 619, 149, 362, 522, 145, 117, 216, 1000, 259, 134, 284, 527, 672, 121, 400, 1000, 146, 700, 403, 258, 123, 1000, 115, 588], "mean_scores": [10.0, 10.0, 9.666666666666666, 10.75, 11.0, 11.833333333333334, 11.571428571428571, 11.25, 11.0, 11.0, 10.727272727272727, 10.75, 10.538461538461538, 10.428571428571429, 10.4, 10.25, 10.470588235294118, 10.444444444444445, 10.421052631578947, 10.35, 10.380952380952381, 10.318181818181818, 10.304347826086957, 10.291666666666666, 10.24, 10.23076923076923, 10.296296296296296, 10.428571428571429, 10.931034482758621, 10.933333333333334, 11.0, 11.1875, 11.515151515151516, 12.029411764705882, 13.17142857142857, 13.083333333333334, 12.972972972972974, 12.868421052631579, 12.76923076923077, 12.7, 12.609756097560975, 12.523809523809524, 12.44186046511628, 12.409090909090908, 12.333333333333334, 12.58695652173913, 12.638297872340425, 12.5625, 12.510204081632653, 12.42, 12.352941176470589, 12.26923076923077, 12.226415094339623, 12.148148148148149, 12.090909090909092, 12.053571428571429, 12.140350877192983, 12.362068965517242, 12.322033898305085, 12.266666666666667, 12.21311475409836, 12.17741935483871, 12.126984126984127, 12.078125, 12.015384615384615, 11.984848484848484, 11.955223880597014, 11.926470588235293, 11.898550724637682, 11.871428571428572, 11.816901408450704, 11.777777777777779, 11.835616438356164, 11.85135135135135, 11.826666666666666, 11.828947368421053, 11.831168831168831, 11.833333333333334, 11.810126582278482, 11.825, 11.88888888888889, 11.951219512195122, 12.108433734939759, 12.380952380952381, 12.564705882352941, 12.69767441860465, 12.862068965517242, 13.056818181818182, 13.089887640449438, 13.122222222222222, 13.241758241758241, 13.369565217391305, 13.494623655913978, 13.606382978723405, 13.705263157894738, 13.729166666666666, 13.8659793814433, 13.887755102040817, 13.88888888888889, 13.94, 13.98019801980198, 14.127450980392156, 14.233009708737864, 14.384615384615385, 14.6, 14.849056603773585, 15.16822429906542, 15.472222222222221, 15.81651376146789, 15.918181818181818, 16.054054054054053, 16.294642857142858, 16.52212389380531, 16.640350877192983, 16.808695652173913, 16.853448275862068, 17.00854700854701, 17.26271186440678, 17.3781512605042, 17.441666666666666, 17.96694214876033, 18.24590163934426, 18.357723577235774, 18.387096774193548, 18.448, 18.547619047619047, 18.669291338582678, 19.21875, 19.6046511627907, 19.876923076923077, 20.229007633587788, 20.78787878787879, 22.097744360902254, 23.246268656716417, 24.066666666666666, 24.816176470588236, 25.766423357664234, 26.71014492753623, 27.39568345323741, 27.82857142857143, 28.326241134751772, 29.654929577464788, 30.58041958041958, 31.055555555555557, 31.46206896551724, 31.76027397260274, 32.51020408163265, 33.58108108108108, 33.51006711409396, 33.70666666666666, 34.158940397350996, 34.61842105263158, 34.8562091503268, 35.214285714285715, 35.54838709677419, 36.083333333333336, 36.54140127388535, 36.71518987341772, 36.9937106918239, 37.3375, 37.63975155279503, 37.82098765432099, 38.03680981595092, 38.21951219512195, 38.63030303030303, 39.0722891566265, 39.2814371257485, 41.13095238095238, 42.62130177514793, 43.87647058823529, 44.53216374269006, 44.71511627906977, 46.19653179190752, 46.235632183908045, 46.24, 48.11931818181818, 48.31073446327684, 48.938202247191015, 50.07821229050279, 51.0, 51.14364640883978, 51.28021978021978, 51.677595628415304, 52.42934782608695, 52.48108108108108, 53.01075268817204, 54.54545454545455, 55.1063829787234, 55.407407407407405, 56.310526315789474, 56.602094240837694, 56.692708333333336, 56.87564766839378, 57.0, 58.54358974358974, 59.63775510204081, 60.81725888324873, 61.2979797979798, 62.527638190954775, 65.31, 65.72636815920399, 67.1930693069307, 69.43349753694581, 69.80392156862744, 70.03414634146341, 70.74271844660194, 75.23188405797102, 76.11538461538461, 76.39234449760765, 77.38095238095238, 79.51184834123222, 82.30660377358491, 82.48826291079813, 83.97196261682242, 88.23255813953489, 88.5, 91.31797235023042, 92.74770642201835, 93.50228310502283, 93.63636363636364, 97.73755656108597, 97.81531531531532, 100.01345291479821],