{"scores": [15, 11, 33, 17, 16, 13, 10, 9, 9, 9, 8, 11, 8, 10, 8, 10, 9, 10, 10, 9, 11, 9, 10, 9, 10, 9, 9, 10, 10, 9, 9, 9, 9, 9, 9, 10, 9, 9, 9, 10, 9, 9, 9, 10, 9, 9, 9, 8, 10, 8, 9, 10, 10, 8, 8, 9, 10, 11, 9, 10, 10, 9, 10, 10, 10, 9, 9, 8, 8, 8, 10, 10, 9, 9, 8, 10, 12, 10, 9, 10, 10, 9, 10, 11, 10, 10, 10, 11, 8, 8, 10, 11, 10, 11, 11, 9, 15, 12, 15, 19, 25, 12, 14, 15, 14, 15, 13, 13, 11, 15, 12, 10, 11, 12, 11, 28, 36, 57, 18, 22, 26, 49, 24, 17, 21, 20, 27, 99, 60, 131, 76, 58, 76, 51, 27, 22, 16, 18, 22, 20, 31, 55, 40, 36, 29, 42, 46, 30, 28, 17, 16, 25, 32, 55, 56, 37, 32, 42, 52, 50, 54, 35, 32, 164, 58, 28, 16, 19, 20, 34, 54, 30, 38, 24, 38, 47, 115, 52, 59, 39, 68, 95, 84, 200, 131, 200, 93, 151, 188, 200, 200, 200, 135, 200, 200, 153, 200, 200, 200, 200, 200, 200, 200, 200, 200, 200, 200, 200, 200, 200, 191, 200, 200, 200, 200, 200, 200, 200, 200, 200, 200, 200, 200, 200, 200, 200, 200, 200, 200, 200, 200, 200, 200, 200, 200, 200, 200, 200, 176, 192, 200, 200, 200, 200, 154, 174, 167, 166, 200, 200, 126, 124, 143, 183, 184, 200, 200, 200, 200, 200, 200, 200, 200, 200, 200, 200, 200, 169, 200, 200, 200, 200, 200, 200, 200, 200, 200, 200, 200, 200, 185, 197, 200, 200, 200, 167, 147, 200, 200, 200, 189, 200, 169, 182, 200, 187, 173, 200, 200, 200, 200, 200, 183, 170, 200, 200, 200, 200, 200, 200, 200, 200, 200, 200, 200, 200, 200, 200, 200, 200, 200, 200, 200, 200, 200, 200, 200, 200, 184, 200, 200, 200, 200, 200, 200, 200, 200, 200, 200, 200, 200, 200, 200, 200, 200, 200, 200, 200, 200, 178, 191], "mean_scores": [15.0, 13.0, 19.666666666666668, 19.0, 18.4, 17.5, 16.428571428571427, 15.5, 14.777777777777779, 14.2, 13.636363636363637, 13.416666666666666, 13.0, 12.785714285714286, 12.466666666666667, 12.3125, 12.117647058823529, 12.0, 11.894736842105264, 11.75, 11.714285714285714, 11.590909090909092, 11.521739130434783, 11.416666666666666, 11.36, 11.26923076923077, 11.185185185185185, 11.142857142857142, 11.10344827586207, 11.033333333333333, 10.96774193548387, 10.90625, 10.848484848484848, 10.794117647058824, 10.742857142857142, 10.722222222222221, 10.675675675675675, 10.631578947368421, 10.58974358974359, 10.575, 10.536585365853659, 10.5, 10.465116279069768, 10.454545454545455, 10.422222222222222, 10.391304347826088, 10.361702127659575, 10.3125, 10.306122448979592, 10.26, 10.235294117647058, 10.23076923076923, 10.226415094339623, 10.185185185185185, 10.145454545454545, 10.125, 10.12280701754386, 10.137931034482758, 10.11864406779661, 10.116666666666667, 10.114754098360656, 10.096774193548388, 10.095238095238095, 10.09375, 10.092307692307692, 10.075757575757576, 10.059701492537313, 10.029411764705882, 10.0, 9.971428571428572, 9.971830985915492, 9.972222222222221, 9.95890410958904, 9.945945945945946, 9.92, 9.921052631578947, 9.948051948051948, 9.948717948717949, 9.936708860759493, 9.9375, 9.938271604938272, 9.926829268292684, 9.927710843373495, 9.94047619047619, 9.941176470588236, 9.94186046511628, 9.942528735632184, 9.954545454545455, 9.932584269662922, 9.911111111111111, 9.912087912087912, 9.923913043478262, 9.924731182795698, 9.936170212765957, 9.947368421052632, 9.9375, 9.989690721649485, 10.010204081632653, 10.06060606060606, 10.15, 10.297029702970297, 10.313725490196079, 10.349514563106796, 10.39423076923077, 10.428571428571429, 10.471698113207546, 10.495327102803738, 10.518518518518519, 10.522935779816514, 10.563636363636364, 10.576576576576576, 10.571428571428571, 10.575221238938052, 10.587719298245615, 10.591304347826087, 10.741379310344827, 10.957264957264957, 11.347457627118644, 11.403361344537815, 11.491666666666667, 11.611570247933884, 11.918032786885245, 12.016260162601625, 12.056451612903226, 12.128, 12.19047619047619, 12.307086614173228, 12.984375, 13.348837209302326, 14.253846153846155, 14.725190839694656, 15.053030303030303, 15.511278195488721, 15.776119402985074, 15.85925925925926, 15.904411764705882, 15.905109489051094, 15.920289855072463, 15.964028776978417, 15.992857142857142, 16.099290780141843, 16.37323943661972, 16.53846153846154, 16.67361111111111, 16.75862068965517, 16.931506849315067, 17.12925170068027, 17.216216216216218, 17.288590604026847, 17.286666666666665, 17.278145695364238, 17.32894736842105, 17.424836601307188, 17.66883116883117, 17.916129032258066, 18.03846153846154, 18.127388535031848, 18.27848101265823, 18.49056603773585, 18.6875, 18.906832298136646, 19.006172839506174, 19.085889570552148, 19.96951219512195, 20.2, 20.246987951807228, 20.221556886227546, 20.214285714285715, 20.21301775147929, 20.294117647058822, 20.49122807017544, 20.546511627906977, 20.647398843930635, 20.666666666666668, 20.765714285714285, 20.914772727272727, 21.44632768361582, 21.617977528089888, 21.8268156424581, 21.92222222222222, 22.176795580110497, 22.576923076923077, 22.91256830601093, 23.875, 24.454054054054055, 25.397849462365592, 25.759358288770052, 26.425531914893618, 27.280423280423282, 28.189473684210526, 29.089005235602095, 29.979166666666668, 30.523316062176164, 31.396907216494846, 32.261538461538464, 32.87755102040816, 33.7258883248731, 34.56565656565657, 35.39698492462311, 36.22, 37.03482587064676, 37.84158415841584, 38.64039408866995, 39.431372549019606, 40.21463414634146, 40.99029126213592, 41.75845410628019, 42.51923076923077, 43.27272727272727, 44.01904761904762, 44.71563981042654, 45.448113207547166, 46.17370892018779, 46.89252336448598, 47.604651162790695, 48.31018518518518, 49.00921658986175, 49.70183486238532, 50.38812785388128, 51.06818181818182, 51.7420814479638, 52.409909909909906, 53.07174887892376, 53.72767857142857, 54.37777777777778, 55.02212389380531, 55.66079295154185, 56.29385964912281, 56.92139737991266, 57.54347826086956, 58.16017316017316, 58.77155172413793, 59.377682403433475, 59.97863247863248, 60.57446808510638, 61.16525423728814, 61.75105485232068, 62.331932773109244, 62.80753138075314, 63.34583333333333, 63.912863070539416, 64.47520661157024, 65.03292181069959, 65.5860655737705, 65.9469387755102, 66.38617886178862, 66.79352226720648, 67.19354838709677, 67.72690763052209, 68.256, 68.48605577689243, 68.7063492063492, 69.0, 69.44881889763779, 69.89803921568627, 70.40625, 70.91050583657588, 71.4108527131783, 71.9073359073359, 72.4, 72.88888888888889, 73.37404580152672, 73.8555133079848, 74.33333333333333, 74.80754716981131, 75.2781954887218, 75.74531835205993, 76.09328358208955, 76.5539033457249, 77.0111111111111, 77.4649446494465, 77.9154411764706, 78.36263736263736, 78.80656934306569, 79.24727272727273, 79.68478260869566, 80.11913357400722, 80.55035971223022, 80.97849462365592, 81.40357142857142, 81.77224199288256, 82.18085106382979, 82.59717314487632, 83.0105633802817, 83.42105263157895, 83.7132867132867, 83.93379790940766, 84.33680555555556, 84.73702422145328, 85.13448275862069, 85.4914089347079, 85.88356164383562, 86.16723549488054, 86.49319727891157, 86.87796610169491, 87.21621621621621, 87.5050505050505, 87.88255033557047, 88.25752508361204, 88.63, 89.0, 89.36754966887418, 89.67656765676567, 89.9407894736842, 90.3016393442623, 90.66013071895425, 91.01628664495114, 91.37012987012987, 91.72168284789645, 92.07096774193549, 92.41800643086816, 92.76282051282051, 93.10543130990415, 93.44585987261146, 93.78412698412698, 94.12025316455696, 94.45425867507886, 94.78616352201257, 95.11598746081505, 95.44375, 95.76947040498442, 96.09316770186335, 96.41486068111455, 96.73456790123457, 97.05230769230769, 97.3680981595092, 97.68195718654434, 97.9939024390244, 98.25531914893617, 98.56363636363636, 98.87009063444108, 99.17469879518072, 99.47747747747748, 99.77844311377245, 100.07761194029851, 100.375, 100.6706231454006, 100.96449704142012, 101.2566371681416, 101.54705882352941, 101.8357771260997, 102.12280701754386, 102.40816326530613, 102.69186046511628, 102.97391304347826, 103.25433526011561, 103.53314121037464, 103.8103448275862, 104.08595988538681, 104.29714285714286, 104.54415954415954],