{"scores": [35.0, 35.0, 20.0, 11.0, 26.0, 27.0, 13.0, 9.0, 20.0, 53.0, 16.0, 109.0, 35.0, 113.0, 69.0, 45.0, 58.0, 63.0, 200.0, 123.0, 198.0, 200.0, 200.0, 131.0, 200.0, 137.0, 144.0, 200.0, 186.0, 178.0, 103.0, 108.0, 104.0, 137.0, 114.0, 111.0, 200.0, 200.0, 144.0, 176.0, 158.0, 196.0, 200.0, 171.0, 194.0, 200.0, 185.0, 200.0, 200.0, 200.0, 200.0, 200.0, 200.0, 190.0, 200.0, 184.0, 191.0, 200.0, 200.0, 180.0, 178.0, 167.0, 135.0, 153.0, 174.0, 164.0, 200.0, 41.0, 170.0, 200.0, 75.0, 32.0, 20.0, 19.0, 15.0, 179.0, 161.0, 192.0, 200.0, 183.0, 196.0, 194.0, 193.0, 200.0, 200.0, 200.0, 174.0, 200.0, 105.0, 200.0, 200.0, 200.0, 111.0, 127.0, 200.0, 107.0, 92.0, 170.0, 90.0, 87.0, 18.0, 91.0, 130.0, 61.0, 200.0, 200.0, 142.0, 155.0, 159.0, 200.0, 200.0, 200.0, 200.0, 200.0, 200.0, 200.0, 200.0, 200.0, 200.0, 183.0, 200.0, 141.0, 139.0, 140.0, 172.0, 181.0, 135.0, 106.0, 109.0, 81.0, 148.0, 200.0, 200.0, 200.0, 200.0, 199.0, 41.0, 199.0, 163.0, 200.0, 200.0, 200.0, 138.0, 144.0, 200.0, 200.0, 62.0, 114.0, 29.0, 30.0], "mean_scores": [35.0, 35.0, 30.0, 25.25, 25.4, 25.666666666666668, 23.857142857142858, 22.0, 21.77777777777778, 24.9, 24.09090909090909, 31.166666666666668, 31.46153846153846, 37.285714285714285, 39.4, 39.75, 40.8235294117647, 42.05555555555556, 50.36842105263158, 54.0, 60.857142857142854, 67.18181818181819, 72.95652173913044, 75.375, 80.36, 82.53846153846153, 84.81481481481481, 88.92857142857143, 92.27586206896552, 95.13333333333334, 95.38709677419355, 95.78125, 96.03030303030303, 97.23529411764706, 97.71428571428571, 98.08333333333333, 100.83783783783784, 103.44736842105263, 104.48717948717949, 106.275, 107.53658536585365, 109.64285714285714, 111.74418604651163, 113.0909090909091, 114.88888888888889, 116.73913043478261, 118.19148936170212, 119.89583333333333, 121.53061224489795, 123.1, 124.6078431372549, 126.0576923076923, 127.45283018867924, 128.61111111111111, 129.9090909090909, 130.875, 131.9298245614035, 133.10344827586206, 134.23728813559322, 135.0, 135.70491803278688, 136.20967741935485, 136.1904761904762, 136.453125, 137.03076923076924, 137.43939393939394, 138.37313432835822, 136.94117647058823, 137.42028985507247, 138.31428571428572, 137.42253521126761, 135.95833333333334, 134.36986301369862, 132.8108108108108, 131.24, 131.8684210526316, 132.24675324675326, 133.01282051282053, 133.86075949367088, 134.475, 135.23456790123456, 135.9512195121951, 136.63855421686748, 137.39285714285714, 138.12941176470588, 138.84883720930233, 139.2528735632184, 139.9431818181818, 139.5505617977528, 140.22222222222223, 140.87912087912088, 141.52173913043478, 141.19354838709677, 141.04255319148936, 141.66315789473686, 141.30208333333334, 140.79381443298968, 141.09183673469389, 140.57575757575756, 140.04, 138.83168316831683, 138.36274509803923, 138.28155339805826, 137.53846153846155, 138.13333333333333, 138.71698113207546, 138.74766355140187, 138.89814814814815, 139.08256880733944, 139.63636363636363, 140.18018018018017, 140.71428571428572, 141.23893805309734, 141.75438596491227, 142.2608695652174, 142.75862068965517, 143.24786324786325, 143.72881355932202, 144.2016806722689, 144.525, 144.98347107438016, 144.95081967213116, 144.90243902439025, 144.86290322580646, 145.08, 145.36507936507937, 145.28346456692913, 144.9765625, 144.69767441860466, 144.2076923076923, 144.23664122137404, 144.6590909090909, 145.0751879699248, 145.48507462686567, 145.88888888888889, 146.27941176470588, 145.5109489051095, 145.8985507246377, 146.02158273381295, 146.40714285714284, 146.7872340425532, 147.16197183098592, 147.0979020979021, 147.07638888888889, 147.44137931034481, 147.8013698630137, 147.21768707482994, 146.99324324324326, 146.2013422818792, 145.42666666666668], "std_scores": [0.0, 0.0, 7.0710678118654755, 10.256095748383007, 9.178235124467014, 8.399735445569435, 8.951114398754594, 9.7082439194738, 9.174575712596896, 12.78632081562167, 12.456867733062282, 26.32436556162792, 25.31225116759862, 32.18568575231758, 32.08488740824876, 31.09561866244182, 30.471269581298937, 30.04528475156242, 45.81566099319934, 47.37826505899092, 55.4816878535146, 61.46812652515445, 65.93704392687576, 65.58252593742736, 68.74176605237896, 68.28122321536853, 68.00274342888378, 70.11517492741525, 71.13605058774597, 71.61318935006936, 70.46237953887845, 69.3873792446256, 68.3424908195723, 67.68484877965865, 66.76935628546609, 65.87166605520835, 67.0443634946752, 68.0339301449617, 67.46124121600255, 67.54183425848012, 67.18852165361885, 67.7399865833536, 68.31871037371957, 68.11281356617731, 68.39955237742495, 68.78113833419889, 68.75477184147506, 69.03086253726582, 69.25525163637046, 69.43378140357905, 69.57153982895214, 69.67297607160582, 69.7419951551176, 69.60587902657164, 69.62660743429855, 69.37297294335886, 69.21333905742442, 69.18383547880003, 69.13640140638977, 68.80770305714324, 68.4594756909409, 68.0194794435161, 67.47765230126713, 66.9808577336419, 66.62408186251926, 66.1994527094192, 66.14002239051463, 66.68999447684638, 66.32275186094692, 66.26473806032949, 66.21809079475398, 66.90404353749231, 67.7975444759435, 68.64276416575574, 69.50968086053433, 69.26500257501945, 68.8927560786179, 68.7790020114114, 68.75138372411229, 68.5381235153108, 68.45170805702662, 68.33809465766235, 68.20973649066956, 68.14987297915404, 68.08330334062549, 68.01051858486892, 67.72225536005857, 67.64351039801929, 67.36317989304216, 67.28691102333148, 67.2057420304583, 67.12002200161413, 66.83236259148323, 66.4918671868361, 66.41410923754962, 66.16096529671447, 66.00717520265206, 65.73510333841516, 65.60150449572667, 65.48998702091795, 66.27576193405264, 66.11825253252414, 65.80161674699941, 65.91733212559663, 65.88258916857743, 65.84326081430066, 65.53562111346717, 65.2500801496336, 64.97834903213926, 64.94021408155871, 64.89814586646118, 64.85236373203874, 64.80307464795186, 64.75047400808803, 64.69474637047051, 64.63606614246697, 64.57459821594348, 64.51049855656122, 64.4439147510131, 64.27168408405058, 64.20228665002625, 63.9396298849152, 63.68142441237767, 63.42564031711305, 63.21766841635335, 63.04692170205308, 62.80489695007995, 62.654616854495195, 62.49100458071065, 62.49845489214374, 62.26032911160218, 62.21222591837562, 62.162003245721245, 62.10976502581212, 62.05561026556825, 61.99332164891428, 62.41339889697805, 62.352119526875775, 62.144235525153455, 62.0885193469282, 62.03119879757583, 61.97235155031043, 61.76000410854033, 61.54572372782774, 61.48931792423102, 61.43150990397664, 61.627089746058466, 61.47879184107419, 62.02488998832687, 62.53685277942564], "episodes": 149}