{"scores": [48.0, 10.0, 15.0, 26.0, 31.0, 11.0, 10.0, 15.0, 15.0, 13.0, 10.0, 12.0, 10.0, 17.0, 8.0, 9.0, 12.0, 17.0, 9.0, 19.0, 12.0, 10.0, 10.0, 12.0, 8.0, 9.0, 9.0, 12.0, 10.0, 10.0, 10.0, 9.0, 10.0, 9.0, 13.0, 9.0, 12.0, 10.0, 11.0, 9.0, 8.0, 10.0, 8.0, 10.0, 10.0, 8.0, 10.0, 10.0, 9.0, 8.0, 10.0, 10.0, 10.0, 10.0, 10.0, 10.0, 10.0, 9.0, 10.0, 9.0, 10.0, 9.0, 8.0, 9.0, 9.0, 9.0, 9.0, 10.0, 10.0, 9.0, 12.0, 10.0, 11.0, 10.0, 9.0, 9.0, 10.0, 8.0, 9.0, 9.0, 9.0, 10.0, 10.0, 11.0, 9.0, 10.0, 11.0, 10.0, 10.0, 10.0, 10.0, 9.0, 11.0, 10.0, 10.0, 10.0, 10.0, 11.0, 10.0, 10.0, 9.0, 8.0, 10.0, 11.0, 9.0, 10.0, 10.0, 10.0, 9.0, 10.0, 9.0, 9.0, 9.0, 10.0, 9.0, 8.0, 10.0, 11.0, 9.0, 8.0, 10.0, 9.0, 9.0, 8.0, 9.0, 9.0, 10.0, 10.0, 9.0, 9.0, 10.0, 10.0, 9.0, 10.0, 9.0, 8.0, 9.0, 9.0, 9.0, 9.0, 10.0, 9.0, 8.0, 9.0, 9.0, 10.0, 9.0, 8.0, 10.0, 10.0], "mean_scores": [48.0, 29.0, 24.333333333333332, 24.75, 26.0, 23.5, 21.571428571428573, 20.75, 20.11111111111111, 19.4, 18.545454545454547, 18.0, 17.384615384615383, 17.357142857142858, 16.733333333333334, 16.25, 16.0, 16.055555555555557, 15.68421052631579, 15.85, 15.666666666666666, 15.409090909090908, 15.173913043478262, 15.041666666666666, 14.76, 14.538461538461538, 14.333333333333334, 14.25, 14.10344827586207, 13.966666666666667, 13.838709677419354, 13.6875, 13.575757575757576, 13.441176470588236, 13.428571428571429, 13.305555555555555, 13.27027027027027, 13.18421052631579, 13.128205128205128, 13.025, 12.902439024390244, 12.833333333333334, 12.720930232558139, 12.659090909090908, 12.6, 12.5, 12.446808510638299, 12.395833333333334, 12.326530612244898, 12.24, 12.196078431372548, 12.153846153846153, 12.11320754716981, 12.074074074074074, 12.036363636363637, 12.0, 11.964912280701755, 11.913793103448276, 11.88135593220339, 11.833333333333334, 11.80327868852459, 11.758064516129032, 11.698412698412698, 11.65625, 11.615384615384615, 11.575757575757576, 11.537313432835822, 11.514705882352942, 11.492753623188406, 11.457142857142857, 11.464788732394366, 11.444444444444445, 11.438356164383562, 11.41891891891892, 11.386666666666667, 11.355263157894736, 11.337662337662337, 11.294871794871796, 11.265822784810126, 11.2375, 11.209876543209877, 11.195121951219512, 11.180722891566266, 11.178571428571429, 11.152941176470588, 11.13953488372093, 11.137931034482758, 11.125, 11.112359550561798, 11.1, 11.087912087912088, 11.065217391304348, 11.064516129032258, 11.053191489361701, 11.042105263157895, 11.03125, 11.02061855670103, 11.020408163265307, 11.01010101010101, 11.0, 10.98019801980198, 10.950980392156863, 10.941747572815533, 10.942307692307692, 10.923809523809524, 10.915094339622641, 10.906542056074766, 10.898148148148149, 10.880733944954128, 10.872727272727273, 10.855855855855856, 10.839285714285714, 10.823008849557523, 10.81578947368421, 10.8, 10.775862068965518, 10.76923076923077, 10.771186440677965, 10.756302521008404, 10.733333333333333, 10.727272727272727, 10.71311475409836, 10.699186991869919, 10.67741935483871, 10.664, 10.65079365079365, 10.645669291338583, 10.640625, 10.627906976744185, 10.615384615384615, 10.610687022900763, 10.606060606060606, 10.593984962406015, 10.58955223880597, 10.577777777777778, 10.558823529411764, 10.547445255474452, 10.53623188405797, 10.525179856115107, 10.514285714285714, 10.51063829787234, 10.5, 10.482517482517483, 10.472222222222221, 10.462068965517242, 10.45890410958904, 10.448979591836734, 10.432432432432432, 10.429530201342281, 10.426666666666666], "std_scores": [0.0, 19.0, 16.858891488535722, 14.618053906043718, 13.311649033834989, 13.375973484822204, 13.25418686256366, 12.587195875174105, 12.00411452095067, 11.58619868636819, 11.372723639269822, 11.037813793198966, 10.816927343740613, 10.423922642906849, 10.337418547307747, 10.18270592720815, 9.92916085548611, 9.652128275510721, 9.525879606181686, 9.312760063482791, 9.125231025559914, 8.993225181966352, 8.864448652086717, 8.700953811061304, 8.636110235516915, 8.54054028749744, 8.445906306213283, 8.305011395881062, 8.197328528608898, 8.093138383154516, 7.992322017930299, 7.911374327510992, 7.816184851844292, 7.739095464969854, 7.628089872441253, 7.556525673013596, 7.45671708305228, 7.376546272006101, 7.289541110313327, 7.226643411709202, 7.179934363613233, 7.107731091553849, 7.062266522653542, 6.993318830459743, 6.926278462012146, 6.883344738033153, 6.81927340809823, 6.756908758613084, 6.704819330083615, 6.66501312826914, 6.606650267613262, 6.54976398689477, 6.494294672752909, 6.440185906713527, 6.387384260082556, 6.3358391032961965, 6.285502428746569, 6.243022264230408, 6.194816711868984, 6.154041129389877, 6.107828011715241, 6.068654216202936, 6.038592605489861, 6.000569634418053, 5.963200760800317, 5.926470169375968, 5.890362374401073, 5.8498181144646155, 5.810094135798034, 5.776023630456495, 5.7355599108175355, 5.698169513314705, 5.659242171469491, 5.623326794404634, 5.5925982830483685, 5.562335621151142, 5.528228361875899, 5.505496028699411, 5.476552691823234, 5.448035769889915, 5.419935878129005, 5.388422603680933, 5.357450792634505, 5.325501796803293, 5.299291589399565, 5.2698413344847115, 5.239488467163812, 5.211029605121674, 5.1830280556620165, 5.155471742613753, 5.12834902990146, 5.104994033608248, 5.077478104891624, 5.051578689994264, 5.026070536865876, 5.000943921317921, 4.9761894530913615, 4.950736065324508, 4.926725610618295, 4.903060268852505, 4.882744314419512, 4.867614971361175, 4.844825570654418, 4.821480228895804, 4.802172599772371, 4.780301412554822, 4.758725797962507, 4.737439171533293, 4.7191290804383135, 4.6983732018435544, 4.680507493171749, 4.6628347666654975, 4.6453518275467145, 4.62556926695493, 4.608498765277606, 4.5958868546750615, 4.576761470967236, 4.557376246633085, 4.541066373401814, 4.529042086603107, 4.510776810929192, 4.494950734055446, 4.479283768512014, 4.467712821612372, 4.452314454303515, 4.437068709767494, 4.419939713585938, 4.403007450524584, 4.3882679520801435, 4.373670550331865, 4.357274375801322, 4.341061132246661, 4.326935385970114, 4.31106297548695, 4.297228506782735, 4.287061083488783, 4.273446792447397, 4.2599575086161705, 4.246591413912636, 4.233346724495399, 4.218528904416623, 4.2055463043830414, 4.1959906718468565, 4.18320790722404, 4.170538193426595, 4.15640570542209, 4.143979607331348, 4.134825990917193, 4.121078625922367, 4.1074674543919265], "episodes": 149}