{"scores": [65, 47, 16, 13, 8, 11, 10, 12, 9, 10, 38, 41, 12, 9, 18, 10, 10, 10, 10, 9, 11, 9, 10, 13, 10, 8, 10, 9, 10, 20, 11, 11, 10, 12, 31, 17, 11, 8, 10, 9, 8, 10, 10, 37, 14, 12, 11, 13, 14, 17, 27, 47, 59, 22, 19, 34, 31, 46, 93, 36, 30, 19, 17, 16, 17, 20, 19, 32, 55, 28, 30, 21, 24, 57, 30, 32, 43, 26, 48, 66, 52, 37, 42, 56, 46, 177, 38, 32, 44, 46, 58, 52, 79, 98, 80, 44, 33, 135, 86, 105, 85, 39, 33, 42, 34, 37, 46, 82, 38, 55, 159, 78, 92, 91, 47, 28, 35, 38, 45, 105, 105, 97, 45, 100, 71, 82, 32, 13, 12, 13, 27, 53, 65, 42, 58, 40, 27, 26, 42, 51, 49, 35, 87, 344, 51, 113, 174, 110, 67, 66, 87, 96, 583, 76, 49, 108, 66, 271, 157, 81, 139, 107, 86, 41, 65, 81, 103, 78, 63, 86, 229, 61, 77, 74, 96, 80, 209, 110, 55, 76, 63, 73, 83, 146, 72, 84, 109, 86, 67, 87, 103, 244, 108, 109, 109, 147, 125, 142, 135, 184, 120, 202, 398, 126, 146, 112, 121, 142, 134, 119, 134, 126, 132, 120, 132, 119, 132, 175, 223, 396, 181, 166, 186, 153, 131, 138, 133, 235, 170, 130, 137, 154, 154, 226, 167, 137, 130, 135, 144, 219, 176, 317, 151, 158, 139, 133, 155, 130, 131, 183, 145, 131, 175, 174, 291, 309, 178, 317, 460, 218, 213, 251, 227, 152, 178, 179, 175, 151, 200, 167, 273, 213, 199, 223, 150, 144, 136, 142, 142, 157, 250, 192, 198, 236, 344, 179, 191, 201, 176, 195, 182, 189, 223, 226, 235, 443, 237, 284, 339, 374, 458], "mean_scores": [65.0, 56.0, 42.666666666666664, 35.25, 29.8, 26.666666666666668, 24.285714285714285, 22.75, 21.22222222222222, 20.1, 21.727272727272727, 23.333333333333332, 22.46153846153846, 21.5, 21.266666666666666, 20.5625, 19.941176470588236, 19.38888888888889, 18.894736842105264, 18.4, 18.047619047619047, 17.636363636363637, 17.304347826086957, 17.125, 16.84, 16.5, 16.25925925925926, 16.0, 15.793103448275861, 15.933333333333334, 15.774193548387096, 15.625, 15.454545454545455, 15.352941176470589, 15.8, 15.833333333333334, 15.702702702702704, 15.5, 15.35897435897436, 15.2, 15.024390243902438, 14.904761904761905, 14.790697674418604, 15.295454545454545, 15.266666666666667, 15.195652173913043, 15.106382978723405, 15.0625, 15.040816326530612, 15.08, 15.313725490196079, 15.923076923076923, 16.735849056603772, 16.833333333333332, 16.87272727272727, 17.178571428571427, 17.42105263157895, 17.913793103448278, 19.1864406779661, 19.466666666666665, 19.639344262295083, 19.629032258064516, 19.58730158730159, 19.53125, 19.49230769230769, 19.5, 19.492537313432837, 19.676470588235293, 20.18840579710145, 20.3, 20.43661971830986, 20.444444444444443, 20.493150684931507, 20.986486486486488, 21.106666666666666, 21.25, 21.532467532467532, 21.58974358974359, 21.924050632911392, 22.475, 22.839506172839506, 23.01219512195122, 23.240963855421686, 23.63095238095238, 23.894117647058824, 25.674418604651162, 25.816091954022987, 25.886363636363637, 26.089887640449437, 26.31111111111111, 26.65934065934066, 26.934782608695652, 27.49462365591398, 28.24468085106383, 28.789473684210527, 28.947916666666668, 28.989690721649485, 30.071428571428573, 30.636363636363637, 31.38, 31.91089108910891, 31.980392156862745, 31.990291262135923, 32.08653846153846, 32.10476190476191, 32.15094339622642, 32.2803738317757, 32.74074074074074, 32.788990825688074, 32.99090909090909, 34.126126126126124, 34.517857142857146, 35.02654867256637, 35.51754385964912, 35.61739130434783, 35.55172413793103, 35.547008547008545, 35.567796610169495, 35.64705882352941, 36.225, 36.79338842975206, 37.28688524590164, 37.34959349593496, 37.854838709677416, 38.12, 38.46825396825397, 38.41732283464567, 38.21875, 38.01550387596899, 37.823076923076925, 37.74045801526717, 37.85606060606061, 38.06015037593985, 38.08955223880597, 38.237037037037034, 38.25, 38.167883211678834, 38.07971014492754, 38.10791366906475, 38.2, 38.276595744680854, 38.25352112676056, 38.59440559440559, 40.71527777777778, 40.786206896551725, 41.28082191780822, 42.183673469387756, 42.641891891891895, 42.80536912751678, 42.96, 43.25165562913907, 43.598684210526315, 47.12418300653595, 47.311688311688314, 47.32258064516129, 47.71153846153846, 47.82802547770701, 49.24050632911393, 49.918238993710695, 50.1125, 50.66459627329193, 51.01234567901235, 51.22699386503067, 51.16463414634146, 51.24848484848485, 51.4277108433735, 51.73652694610779, 51.892857142857146, 51.9585798816568, 52.15882352941176, 53.19298245614035, 53.23837209302326, 53.3757225433526, 53.49425287356322, 53.73714285714286, 53.88636363636363, 54.76271186440678, 55.07303370786517, 55.072625698324025, 55.18888888888889, 55.232044198895025, 55.32967032967033, 55.48087431693989, 55.97282608695652, 56.05945945945946, 56.20967741935484, 56.49197860962567, 56.648936170212764, 56.7037037037037, 56.863157894736844, 57.10471204188482, 58.078125, 58.33678756476684, 58.597938144329895, 58.85641025641026, 59.30612244897959, 59.63959390862944, 60.05555555555556, 60.4321608040201, 61.05, 61.343283582089555, 62.039603960396036, 63.69458128078818, 64.0, 64.4, 64.63106796116504, 64.90338164251207, 65.27403846153847, 65.60287081339713, 65.85714285714286, 66.18009478672985, 66.4622641509434, 66.7699530516432, 67.01869158878505, 67.32093023255814, 67.56018518518519, 67.85714285714286, 68.34862385321101, 69.05479452054794, 70.5409090909091, 71.04072398190046, 71.46846846846847, 71.98206278026906, 72.34375, 72.60444444444444, 72.89380530973452, 73.15859030837004, 73.86842105263158, 74.2882096069869, 74.5304347826087, 74.80086580086581, 75.14224137931035, 75.48068669527898, 76.12393162393163, 76.51063829787235, 76.76694915254237, 76.9915611814346, 77.23529411764706, 77.51464435146444, 78.10416666666667, 78.5103734439834, 79.49586776859505, 79.79012345679013, 80.11065573770492, 80.35102040816327, 80.5650406504065, 80.8663967611336, 81.06451612903226, 81.26506024096386, 81.672, 81.92430278884463, 82.11904761904762, 82.48616600790514, 82.84645669291339, 83.66274509803921, 84.54296875, 84.90661478599222, 85.8062015503876, 87.25096525096525, 87.75384615384615, 88.23371647509579, 88.85496183206106, 89.38022813688212, 89.61742424242425, 89.95094339622642, 90.28571428571429, 90.60299625468164, 90.82835820895522, 91.23420074349443, 91.51481481481481, 92.18450184501845, 92.62867647058823, 93.01831501831502, 93.49270072992701, 93.69818181818182, 93.8804347826087, 94.03249097472924, 94.20503597122303, 94.3763440860215, 94.6, 95.15302491103203, 95.49645390070921, 95.85865724381625, 96.35211267605634, 97.22105263157894, 97.50699300699301, 97.83275261324042, 98.19097222222223, 98.46020761245674, 98.79310344827586, 99.07903780068729, 99.38698630136986, 99.80887372013652, 100.23809523809524, 100.69491525423729, 101.85135135135135, 102.3063973063973, 102.91610738255034, 103.70568561872909, 104.60666666666667, 105.78073089700996],