{"scores": [10.0, 25.0, 33.0, 14.0, 13.0, 17.0, 10.0, 15.0, 11.0, 11.0, 11.0, 10.0, 10.0, 13.0, 16.0, 12.0, 10.0, 13.0, 9.0, 11.0, 14.0, 12.0, 11.0, 14.0, 19.0, 64.0, 85.0, 118.0, 139.0, 93.0, 68.0, 113.0, 102.0, 102.0, 183.0, 128.0, 110.0, 138.0, 119.0, 131.0, 123.0, 173.0, 162.0, 198.0, 200.0, 197.0, 200.0, 128.0, 200.0, 175.0, 174.0, 158.0, 146.0, 140.0, 200.0, 189.0, 148.0, 199.0, 196.0, 151.0, 194.0, 198.0, 162.0, 148.0, 177.0, 157.0, 146.0, 153.0, 172.0, 171.0, 153.0, 156.0, 176.0, 200.0, 196.0, 200.0, 154.0, 140.0, 190.0, 163.0, 200.0, 200.0, 186.0, 144.0, 141.0, 175.0, 172.0, 150.0, 64.0, 107.0, 200.0, 101.0, 144.0, 150.0, 161.0, 181.0, 120.0, 69.0, 142.0, 11.0, 200.0, 200.0, 200.0, 200.0, 189.0, 140.0, 137.0, 138.0, 200.0, 13.0, 200.0, 200.0, 200.0, 200.0, 184.0, 200.0, 200.0, 172.0, 200.0, 200.0, 178.0, 200.0, 200.0, 199.0, 185.0, 192.0, 185.0, 188.0, 163.0, 187.0, 186.0, 195.0, 200.0, 200.0, 171.0, 200.0, 200.0, 200.0, 200.0, 194.0, 40.0, 136.0, 147.0, 200.0, 36.0, 200.0], "mean_scores": [10.0, 17.5, 22.666666666666668, 20.5, 19.0, 18.666666666666668, 17.428571428571427, 17.125, 16.444444444444443, 15.9, 15.454545454545455, 15.0, 14.615384615384615, 14.5, 14.6, 14.4375, 14.176470588235293, 14.11111111111111, 13.842105263157896, 13.7, 13.714285714285714, 13.636363636363637, 13.521739130434783, 13.541666666666666, 13.76, 15.692307692307692, 18.25925925925926, 21.821428571428573, 25.862068965517242, 28.1, 29.387096774193548, 32.0, 34.121212121212125, 36.11764705882353, 40.31428571428572, 42.75, 44.567567567567565, 47.026315789473685, 48.87179487179487, 50.925, 52.68292682926829, 55.54761904761905, 58.02325581395349, 61.20454545454545, 64.28888888888889, 67.17391304347827, 70.0, 71.20833333333333, 73.83673469387755, 75.86, 77.7843137254902, 79.32692307692308, 80.58490566037736, 81.68518518518519, 83.83636363636364, 85.71428571428571, 86.80701754385964, 88.74137931034483, 90.55932203389831, 91.56666666666666, 93.24590163934427, 94.93548387096774, 96.0, 96.8125, 98.04615384615384, 98.93939393939394, 99.64179104477611, 100.42647058823529, 101.46376811594203, 102.45714285714286, 103.16901408450704, 103.90277777777777, 104.89041095890411, 106.17567567567568, 107.37333333333333, 108.59210526315789, 109.18181818181819, 109.57692307692308, 110.59493670886076, 111.25, 112.34567901234568, 113.41463414634147, 114.28915662650603, 114.64285714285714, 114.95294117647059, 115.65116279069767, 116.29885057471265, 116.68181818181819, 116.08988764044943, 115.9888888888889, 116.91208791208791, 116.73913043478261, 117.03225806451613, 117.38297872340425, 117.84210526315789, 118.5, 118.51546391752578, 118.01020408163265, 118.25252525252525, 117.18, 118.0, 118.80392156862744, 119.59223300970874, 120.36538461538461, 121.01904761904763, 121.19811320754717, 121.34579439252336, 121.5, 122.22018348623853, 121.22727272727273, 121.93693693693693, 122.63392857142857, 123.31858407079646, 123.99122807017544, 124.51304347826087, 125.16379310344827, 125.80341880341881, 126.19491525423729, 126.81512605042016, 127.425, 127.84297520661157, 128.4344262295082, 129.01626016260164, 129.58064516129033, 130.024, 130.515873015873, 130.9448818897638, 131.390625, 131.63565891472868, 132.06153846153848, 132.4732824427481, 132.9469696969697, 133.45112781954887, 133.94776119402985, 134.22222222222223, 134.7058823529412, 135.1824817518248, 135.65217391304347, 136.11510791366908, 136.52857142857144, 135.84397163120568, 135.8450704225352, 135.92307692307693, 136.36805555555554, 135.67586206896553, 136.1164383561644], "std_scores": [0.0, 7.5, 9.533566430716728, 9.069178573608527, 8.648699324175862, 7.930251502246879, 7.943679299690196, 7.473912964438374, 7.304657739508267, 7.119691004531026, 6.932973078159135, 6.8068592855540455, 6.674157527225804, 6.444820733404017, 6.237520875048569, 6.072157256692221, 5.9826739459252325, 5.820355934981686, 5.778937781604549, 5.666568626602875, 5.53037376798399, 5.4150082224856115, 5.323202413204581, 5.211998710241164, 5.217508984180094, 10.93255276955806, 16.923778127769516, 24.875480715281196, 32.47463109390004, 34.1275548494175, 34.30477952156073, 36.76530293632843, 38.140694544658515, 39.28685209335108, 45.805658682600985, 47.408024988743556, 48.01775602923644, 49.686113088014984, 50.347092441284595, 51.34071848932385, 51.91524003152862, 54.47463471804468, 56.17724788646512, 59.32406362340149, 62.12661702692234, 64.42329593090635, 66.55408934476257, 66.37612470275404, 68.17245447041972, 68.95738104075589, 69.62062848612857, 69.82250054846388, 69.75305064330666, 69.56686739950652, 70.72090179298637, 71.45695864487594, 71.29785277554437, 72.1735361627476, 72.88632225885539, 72.689377185085, 73.25514713359121, 73.85051836971455, 73.73999797658867, 73.44531873271434, 73.54337930128894, 73.33854226428879, 73.01251201146961, 72.75771965844032, 72.73329873738432, 72.68182828785545, 72.41352023698668, 72.17420278631074, 72.16639100192049, 72.5134392218898, 72.76148676020547, 73.04778134020063, 72.75376140992036, 72.36898316175154, 72.46937703109138, 72.25, 72.4683260728313, 72.66477511104897, 72.65855617912945, 72.2966183193112, 71.92625404371651, 71.79602363833129, 71.63446722933413, 71.31580620645072, 71.13109284729356, 70.74123337040027, 70.89454300232673, 70.52749534219868, 70.2036134861593, 69.9110538824655, 69.68444903759467, 69.6165090573589, 69.25689714464811, 69.0821006525612, 68.77416466920069, 69.25653470972975, 69.39897565369519, 69.52895280916395, 69.64716024336617, 69.75424686441178, 69.740605232107, 69.43510881436463, 69.12660777785652, 68.82432009861803, 68.91549908870451, 69.38032981536811, 69.46698992843106, 69.54494891996552, 69.61464924242301, 69.6765076085687, 69.5962724160964, 69.6461430431347, 69.68920495641405, 69.52237275243424, 69.55669549978393, 69.58503940024274, 69.44800162705275, 69.46811837506776, 69.48299010886694, 69.48475079563971, 69.38212611328655, 69.3247171989474, 69.21896184232581, 69.13079026099278, 68.91809968996468, 68.82271023279294, 68.72006809844252, 68.67361479931824, 68.65972171474385, 68.64241293250626, 68.46146974398206, 68.44041178571271, 68.41631032092054, 68.38930039353804, 68.35951083346949, 68.28913769063578, 68.52698217748834, 68.2852649206015, 68.05243524650751, 68.02417324906739, 68.29619899138333, 68.26835748639363], "episodes": 145}